x[px],y[px],t[s]
0.0019287620484338542,0.003212003900092463,0.007653017309017976
0.0033109649875551106,0.0017616361061117125,0.008103982690168203
0.005075879873474016,0.004050567018448672,0.007239170405212741
0.0005088693575739578,0.0016503105593908408,0.00192186223779117
