x[px],y[px],t[s]
0.008529024788295451,0.004307981928215406,0.003942587653833815
0.0022517664576932428,0.009396729610231573,9.463942203026752e-05
